{"cameraMode":{"drawMode":0,"name":"Shaded","section":"Shading Mode"},"sceneLighting":true,"audioPlay":false,"sceneViewState":{"m_AlwaysRefresh":false,"showFog":true,"showSkybox":true,"showFlares":true,"showImageEffects":true,"showParticleSystems":true,"showVisualEffectGraphs":true,"m_FxEnabled":true},"in2DMode":false,"pivot":{"x":0.9558101296424866,"y":4.188671112060547,"z":-0.5417397022247315},"rotation":{"x":-0.30944937467575076,"y":0.024937454611063005,"z":-0.008586560375988484,"w":-0.9506516456604004},"size":5.388540267944336,"orthographic":false}