{"cameraMode":{"drawMode":0,"name":"Shaded","section":"Shading Mode"},"sceneLighting":false,"audioPlay":false,"sceneViewState":{"showFog":true,"showMaterialUpdate":false,"showSkybox":false,"showFlares":true,"showImageEffects":true,"showParticleSystems":true},"in2DMode":false,"pivot":{"x":5.27426815032959,"y":0.7533644437789917,"z":5.369926452636719},"rotation":{"x":-0.17777352035045625,"y":-0.030405210331082345,"z":0.0054956525564193729,"w":-0.9835866689682007},"size":4.962333679199219,"orthographic":false}