{"cameraMode":{"drawMode":0,"name":"Shaded","section":"Shading Mode"},"sceneLighting":false,"audioPlay":false,"sceneViewState":{"m_AlwaysRefresh":false,"showFog":true,"showSkybox":false,"showFlares":true,"showImageEffects":true,"showParticleSystems":true,"showVisualEffectGraphs":true,"m_FxEnabled":true},"in2DMode":false,"pivot":{"x":2.4409093856811525,"y":3.0547304153442385,"z":-0.7837234735488892},"rotation":{"x":-0.011374160647392273,"y":0.8955789804458618,"z":-0.02350103110074997,"w":-0.44430646300315859},"size":7.833438396453857,"orthographic":false}